firm_id,sector,high_integration_cost,vagueness,early_funding_musd,later_success,team_size,prior_exit
F001,"Modular (Low i) — ""Lego""",0,0.6126062709141206,4.761898507211728,1,50,1
F002,"Integrated (High i) — ""Battleship""",1,0.4443176228503571,8.835396362114075,1,41,1
F003,"Integrated (High i) — ""Battleship""",1,0.582219542760334,6.047013869949093,0,60,0
F004,"Modular (Low i) — ""Lego""",0,0.38085333060800275,10.029494669021307,1,57,1
F005,"Modular (Low i) — ""Lego""",0,0.4346503076182871,8.227399147335099,1,50,0
F006,"Integrated (High i) — ""Battleship""",1,0.4312871790803008,9.015955995950762,0,41,1
F007,"Modular (Low i) — ""Lego""",0,0.2847488637939729,10.184254400129095,1,22,1
F008,"Integrated (High i) — ""Battleship""",1,0.5876550465414048,8.255665865698704,0,29,1
F009,"Modular (Low i) — ""Lego""",0,0.4155075787635097,9.08996522759546,1,12,1
F010,"Modular (Low i) — ""Lego""",0,0.5022489413709837,7.173544551937044,1,27,1
F011,"Integrated (High i) — ""Battleship""",1,0.5865343986030636,6.467138405119944,1,60,0
F012,"Integrated (High i) — ""Battleship""",1,0.58037561168539,6.457586575906798,1,30,0
F013,"Integrated (High i) — ""Battleship""",1,0.6197693196151015,6.847761570742702,1,11,0
F014,"Integrated (High i) — ""Battleship""",1,0.48227261278830375,8.063843267952269,0,44,1
F015,"Integrated (High i) — ""Battleship""",1,0.4238063038320523,8.241764407503549,1,62,0
F016,"Integrated (High i) — ""Battleship""",1,0.48565072203684817,6.70150877957217,1,57,0
F017,"Integrated (High i) — ""Battleship""",1,0.19627980188755462,9.219311581080074,1,21,1
F018,"Modular (Low i) — ""Lego""",0,0.2395197549638443,10.678295592187965,1,32,1
F019,"Integrated (High i) — ""Battleship""",1,0.26191406977620757,6.430370350358695,1,36,1
F020,"Modular (Low i) — ""Lego""",0,0.3204955710317333,6.889210109554579,0,19,1
F021,"Integrated (High i) — ""Battleship""",1,0.5719593608102186,5.594492588432852,1,21,1
F022,"Modular (Low i) — ""Lego""",0,0.33701377003518906,3.4641179860797493,1,19,0
F023,"Modular (Low i) — ""Lego""",0,0.43193074027290984,8.248494230621013,1,64,1
F024,"Integrated (High i) — ""Battleship""",1,0.7338610936014918,8.821934256465347,1,49,1
F025,"Integrated (High i) — ""Battleship""",1,0.43587248520894334,8.642009462548575,1,55,1
F026,"Integrated (High i) — ""Battleship""",1,0.6327528023240756,6.69912335315166,0,53,0
F027,"Modular (Low i) — ""Lego""",0,0.33194881759822215,11.279641211153656,1,62,1
F028,"Integrated (High i) — ""Battleship""",1,0.46302123958382657,10.066839992149466,0,11,1
F029,"Integrated (High i) — ""Battleship""",1,0.32899603011609535,9.454509771423192,1,57,1
F030,"Modular (Low i) — ""Lego""",0,0.43897404633789877,8.346687839734921,1,8,0
F031,"Modular (Low i) — ""Lego""",0,0.6512554647423312,7.862917035733374,1,33,1
F032,"Modular (Low i) — ""Lego""",0,0.18908232382537726,8.549756904192224,0,40,1
F033,"Modular (Low i) — ""Lego""",0,0.5781962558382543,6.99997519718123,1,26,1
F034,"Integrated (High i) — ""Battleship""",1,0.54279240841981,3.759467115789273,0,13,0
F035,"Integrated (High i) — ""Battleship""",1,0.393053007974577,7.136976585906298,0,16,1
F036,"Modular (Low i) — ""Lego""",0,0.2397095862100782,9.33619470580603,1,54,1
F037,"Integrated (High i) — ""Battleship""",1,0.5129833113884965,7.530847621236218,1,24,0
F038,"Integrated (High i) — ""Battleship""",1,0.4046913123685156,11.141451234801211,1,23,1
F039,"Modular (Low i) — ""Lego""",0,0.5418817180438467,4.850824511150282,1,60,0
F040,"Integrated (High i) — ""Battleship""",1,0.5039333861942197,8.532720980374156,1,13,1
F041,"Modular (Low i) — ""Lego""",0,0.7883202004377647,4.308239249425085,1,59,0
F042,"Integrated (High i) — ""Battleship""",1,0.45691598705485564,9.79299848706441,0,60,1
F043,"Integrated (High i) — ""Battleship""",1,0.3157704513280643,9.077134128390542,0,40,1
F044,"Modular (Low i) — ""Lego""",0,0.5322696142921369,5.098108881201729,1,14,1
F045,"Modular (Low i) — ""Lego""",0,0.5395994031149177,9.206127994270073,1,14,1
F046,"Integrated (High i) — ""Battleship""",1,0.7446537635432786,6.204953123905134,0,22,1
F047,"Modular (Low i) — ""Lego""",0,0.6503200242646241,5.247805540528246,1,39,0
F048,"Integrated (High i) — ""Battleship""",1,0.5642367906469117,4.305576862348435,1,14,0
F049,"Integrated (High i) — ""Battleship""",1,0.7633945204195212,6.252318099206679,1,32,1
F050,"Integrated (High i) — ""Battleship""",1,0.2860226502218869,9.460540530110453,0,11,1
F051,"Integrated (High i) — ""Battleship""",1,0.38484472410504544,6.839785647354201,1,37,0
F052,"Modular (Low i) — ""Lego""",0,0.3332163305470055,7.213484415126297,0,6,0
F053,"Modular (Low i) — ""Lego""",0,0.42983423543196175,9.477578992079026,1,47,1
F054,"Modular (Low i) — ""Lego""",0,0.2521964934398644,10.88176721084482,0,8,1
F055,"Modular (Low i) — ""Lego""",0,0.6143271704265928,5.22564665791174,1,16,0
F056,"Modular (Low i) — ""Lego""",0,0.4599999145222208,4.152713633738076,0,15,0
F057,"Integrated (High i) — ""Battleship""",1,0.23525486698952158,9.692763183501985,1,54,0
F058,"Modular (Low i) — ""Lego""",0,0.3171957653826425,8.13054552724702,1,8,1
F059,"Integrated (High i) — ""Battleship""",1,0.5564324925410351,7.934872198193718,0,30,0
F060,"Integrated (High i) — ""Battleship""",1,0.6508627822209886,8.441441984445555,0,40,1
F061,"Integrated (High i) — ""Battleship""",1,0.8594115605045216,4.893765150575991,0,35,0
F062,"Integrated (High i) — ""Battleship""",1,1.0,5.223163841069443,1,45,0
F063,"Modular (Low i) — ""Lego""",0,0.5745936979896793,11.373225308632797,1,53,1
F064,"Integrated (High i) — ""Battleship""",1,0.32188313839426447,12.123561612324721,1,28,1
F065,"Modular (Low i) — ""Lego""",0,0.11623166946836438,10.495898690932037,1,54,1
F066,"Modular (Low i) — ""Lego""",0,0.5481880632218904,8.217896024443675,1,24,1
F067,"Integrated (High i) — ""Battleship""",1,0.3536706028441413,11.208943704254185,1,64,1
F068,"Modular (Low i) — ""Lego""",0,0.42523569316765664,7.445518539544821,1,35,1
F069,"Modular (Low i) — ""Lego""",0,0.38982257616923455,9.6423507390166,1,49,1
F070,"Modular (Low i) — ""Lego""",0,0.47465764044505065,7.107643638200003,1,57,0
F071,"Integrated (High i) — ""Battleship""",1,0.6918764415417759,6.60498126271087,0,52,0
F072,"Modular (Low i) — ""Lego""",0,0.5282687421401621,7.451218074087213,1,56,1
F073,"Modular (Low i) — ""Lego""",0,0.4714457293330361,4.375576696837795,1,37,0
F074,"Modular (Low i) — ""Lego""",0,0.3135823244913539,5.5134790831493765,1,7,1
F075,"Integrated (High i) — ""Battleship""",1,0.19855706995321576,7.969984136712083,0,34,1
F076,"Modular (Low i) — ""Lego""",0,0.41246457636680045,5.879635851850439,1,15,0
F077,"Modular (Low i) — ""Lego""",0,0.49031914085270234,8.460872228445508,1,58,1
F078,"Modular (Low i) — ""Lego""",0,0.8182273844443789,7.849291728977885,1,19,0
F079,"Integrated (High i) — ""Battleship""",1,0.5234494138651195,9.620502516627445,1,18,1
F080,"Integrated (High i) — ""Battleship""",1,0.6768931119841504,4.0939122551541285,1,19,0
F081,"Integrated (High i) — ""Battleship""",1,0.4101267922629526,7.659030151172034,0,43,0
F082,"Modular (Low i) — ""Lego""",0,0.2867101220449356,8.765200132885782,1,39,1
F083,"Modular (Low i) — ""Lego""",0,0.3262789827981731,9.223082515187532,1,61,1
F084,"Integrated (High i) — ""Battleship""",1,0.36945930838356444,7.306259378912102,0,29,0
F085,"Integrated (High i) — ""Battleship""",1,0.8831245518383296,7.4396335577421056,1,21,1
F086,"Integrated (High i) — ""Battleship""",1,0.35215039773961054,7.952080603667614,0,7,1
F087,"Modular (Low i) — ""Lego""",0,0.650928056672542,6.961879461076862,1,5,0
F088,"Modular (Low i) — ""Lego""",0,0.33747310794433527,7.209705607420185,1,27,1
F089,"Integrated (High i) — ""Battleship""",1,0.6676831423173639,8.205239395810475,1,60,1
F090,"Integrated (High i) — ""Battleship""",1,0.5692911738990554,10.225487659517716,1,36,0
F091,"Modular (Low i) — ""Lego""",0,0.47180517842154374,9.313037864567429,1,58,1
F092,"Integrated (High i) — ""Battleship""",1,0.4926627452956219,10.100638229667648,1,11,1
F093,"Integrated (High i) — ""Battleship""",1,0.3821382148227097,8.532299765004431,1,10,1
F094,"Modular (Low i) — ""Lego""",0,0.5802929962667744,9.333935058674243,1,55,1
F095,"Integrated (High i) — ""Battleship""",1,0.4181029735386596,8.178792719548593,1,11,1
F096,"Modular (Low i) — ""Lego""",0,0.2793909625218953,6.730946585661733,0,8,0
F097,"Modular (Low i) — ""Lego""",0,0.2699712366224685,8.076897211097503,0,29,1
F098,"Integrated (High i) — ""Battleship""",1,0.5310658251899815,7.614975572638407,1,60,0
F099,"Integrated (High i) — ""Battleship""",1,0.7842364261538783,6.1489012263750595,1,46,1
F100,"Modular (Low i) — ""Lego""",0,0.5287984904432189,6.9774241946086235,1,10,0
F101,"Integrated (High i) — ""Battleship""",1,0.47864510130022114,8.717621081207936,1,55,0
F102,"Modular (Low i) — ""Lego""",0,0.5514487051284577,7.333712549316322,0,55,0
F103,"Integrated (High i) — ""Battleship""",1,0.7350803135072285,7.343289582936104,1,53,1
F104,"Modular (Low i) — ""Lego""",0,0.5394888502454941,7.595095197931968,1,59,0
F105,"Integrated (High i) — ""Battleship""",1,0.4260330984499273,6.127651403190687,1,19,0
F106,"Integrated (High i) — ""Battleship""",1,0.69913196781078,9.526966423392448,0,63,1
F107,"Integrated (High i) — ""Battleship""",1,0.5771761589230904,5.108751006200336,1,24,1
F108,"Integrated (High i) — ""Battleship""",1,0.7764360785592785,5.295557417873061,1,53,0
F109,"Modular (Low i) — ""Lego""",0,0.5329821986999431,5.355256772774243,1,39,1
F110,"Integrated (High i) — ""Battleship""",1,0.27959557429030996,5.603107342639889,1,51,0
F111,"Modular (Low i) — ""Lego""",0,0.2537313441357803,9.820121699350587,1,42,0
F112,"Integrated (High i) — ""Battleship""",1,0.797167027801625,8.654675956190705,1,43,1
F113,"Integrated (High i) — ""Battleship""",1,0.8102598297409935,4.337688365160642,1,41,0
F114,"Modular (Low i) — ""Lego""",0,0.46768654160913187,6.601961341180301,1,51,1
F115,"Integrated (High i) — ""Battleship""",1,0.4310262821955222,4.5228963580163315,1,49,1
F116,"Integrated (High i) — ""Battleship""",1,0.7630599726035964,6.039904853165944,1,13,1
F117,"Modular (Low i) — ""Lego""",0,0.30073177723217215,11.44754905399598,0,54,0
F118,"Modular (Low i) — ""Lego""",0,0.3389491365879512,9.768740033526075,1,37,1
F119,"Modular (Low i) — ""Lego""",0,0.615798823044028,6.854286514140849,1,24,1
F120,"Modular (Low i) — ""Lego""",0,0.4289710778852739,7.595941787132308,1,35,0
F121,"Modular (Low i) — ""Lego""",0,0.4990780639903872,4.822434601748709,0,63,0
F122,"Integrated (High i) — ""Battleship""",1,0.47058027826558774,6.697577787238079,1,56,0
F123,"Integrated (High i) — ""Battleship""",1,0.5607634187838081,8.694009850631614,1,55,1
F124,"Modular (Low i) — ""Lego""",0,0.753346735036469,7.146792735115259,0,32,1
F125,"Integrated (High i) — ""Battleship""",1,0.5163052832423142,8.0577269929174,1,52,0
F126,"Integrated (High i) — ""Battleship""",1,0.6159089827898344,8.290150111636775,1,28,1
F127,"Modular (Low i) — ""Lego""",0,0.13096902181441594,11.17241913554145,1,46,1
F128,"Integrated (High i) — ""Battleship""",1,0.49123068765257877,7.56427268851303,1,43,1
F129,"Integrated (High i) — ""Battleship""",1,0.3482185513472832,8.264205196957233,1,19,0
F130,"Integrated (High i) — ""Battleship""",1,0.280613649123747,9.66482809511625,1,20,0
F131,"Integrated (High i) — ""Battleship""",1,0.34193257395282484,5.268658909921016,1,8,0
F132,"Integrated (High i) — ""Battleship""",1,0.43985778067385384,6.8810538375979755,1,13,1
F133,"Modular (Low i) — ""Lego""",0,0.6648624576240824,9.631254182459204,1,31,1
F134,"Integrated (High i) — ""Battleship""",1,0.2612493108068785,9.07573691456852,1,33,1
F135,"Integrated (High i) — ""Battleship""",1,0.5055136686669951,8.262574679698456,1,14,0
F136,"Modular (Low i) — ""Lego""",0,0.41284950199995585,6.202228523761909,1,30,0
F137,"Integrated (High i) — ""Battleship""",1,0.44101884301484706,9.150289223743709,0,41,0
F138,"Modular (Low i) — ""Lego""",0,0.6804964085548287,7.499143809277897,1,18,1
F139,"Modular (Low i) — ""Lego""",0,0.5968607786607067,6.380527964609074,1,25,0
F140,"Modular (Low i) — ""Lego""",0,0.7407316593396939,9.576004063278141,0,27,1
F141,"Integrated (High i) — ""Battleship""",1,0.4721889777350179,7.974150577346668,1,35,1
F142,"Modular (Low i) — ""Lego""",0,0.37473032989927346,5.534449470535614,0,26,0
F143,"Modular (Low i) — ""Lego""",0,0.4597054129615101,6.3763909535191265,0,49,0
F144,"Modular (Low i) — ""Lego""",0,0.5436494224288199,6.875173351763665,1,24,0
F145,"Integrated (High i) — ""Battleship""",1,0.5317832045216679,5.8378719327382225,1,31,1
F146,"Integrated (High i) — ""Battleship""",1,0.304810146997994,10.016003736585107,1,27,1
F147,"Modular (Low i) — ""Lego""",0,0.5162881606930173,5.3234327486627135,1,15,0
F148,"Modular (Low i) — ""Lego""",0,0.5410810994250029,8.369178373515334,1,46,0
F149,"Integrated (High i) — ""Battleship""",1,0.9531453267561056,2.58539917027365,0,19,1
F150,"Modular (Low i) — ""Lego""",0,0.8378320300307006,3.7412568112148037,1,22,0
F151,"Integrated (High i) — ""Battleship""",1,0.3464161968994124,5.055349746171315,1,52,0
F152,"Modular (Low i) — ""Lego""",0,0.4482709949211483,6.097917621785249,1,61,0
F153,"Integrated (High i) — ""Battleship""",1,0.23658043966933945,8.27786100505219,0,45,0
F154,"Modular (Low i) — ""Lego""",0,0.39367273748657244,7.257734564381764,1,59,0
F155,"Modular (Low i) — ""Lego""",0,0.5568089006462613,8.201336263863682,1,56,1
F156,"Integrated (High i) — ""Battleship""",1,0.717053651759882,7.209597355538405,1,33,1
F157,"Modular (Low i) — ""Lego""",0,0.36876490920615046,9.576269742264085,1,51,1
F158,"Integrated (High i) — ""Battleship""",1,0.3822536407877966,7.1617306457765935,1,24,1
F159,"Integrated (High i) — ""Battleship""",1,0.11348797464704213,11.023624967831001,1,32,1
F160,"Integrated (High i) — ""Battleship""",1,0.4707201343019166,7.756974391510176,1,37,0
